{
  "MSE": 4152.678432637996,
  "RMSE": 64.44127894942802,
  "MAE": 42.786530330253925
}
