{
  "MSE": 4199.955371762876,
  "RMSE": 64.8070626688394,
  "MAE": 39.242442676328,
  "Cross_val_mean": 54.44568413110336,
  "Cross_val_std": 13.06116251065781
}
