{
  "MSE": 4261.02463790089,
  "RMSE": 65.2765244012033,
  "MAE": 43.715896464991175,
  "Cross_val_mean": 69.00722306481823,
  "Cross_val_std": 22.83347070951908
}
